Titrant Volume	(ml)pH	F1
0	7.439561	0
0.25	6.673097	0
0.5	6.317744	0
0.75	6.018362	0.000001
1	5.748434	0.000002
1.25	5.474607	0.000003
1.5	5.119925	0.000008
1.75	4.255949	0.000057
2	3.272678	0.000555
2.25	3.018773	0.001001
